Name,Roll,Time
shubhamatkal3,123,08:47:39
shubhamatkal3,123,08:47:39
shubhamatkal3,123,08:47:39
shubhamatkal3,123,08:47:39
shubhamatkal3,123,08:47:39
shubhamatkal3,123,08:47:39
shubhamatkal3,123,08:47:40
shubhamatkal3,123,08:47:40
shubhamatkal3,123,08:47:40
shubhamatkal3,123,08:47:40
shubhamatkal3,123,08:47:40
shubhamatkal3,123,08:47:40
shubhamatkal3,123,08:47:40
shubhamatkal3,123,08:47:40
shubhamatkal3,123,08:47:40
shubhamatkal3,123,08:47:40
shubhamatkal3,123,08:47:40
shubhamatkal3,123,08:47:40
shubhamatkal3,123,08:47:40
shubhamatkal3,123,08:47:40
shubhamatkal3,123,08:47:41
shubhamatkal3,123,08:47:41
shubhamatkal3,123,08:47:41
shubhamatkal3,123,08:47:41
shubhamatkal3,123,08:47:41
shubhamatkal3,123,08:47:41
shubhamatkal3,123,08:47:41
shubhamatkal3,123,08:47:41
shubhamatkal3,123,08:47:41
shubhamatkal3,123,08:47:41
shubham,1234,08:47:41
shubhamatkal3,123,08:47:42
shubham,1234,08:47:42
shubham,1234,08:47:42
shubham,1234,08:47:42
shubham,1234,08:47:42
shubham,1234,08:47:42
shubham,1234,08:47:42
shubham,1234,08:47:42
shubham,1234,08:47:42
shubham,1234,08:47:43
shubham,1234,08:47:43
shubham,1234,08:47:43
shubham,1234,08:47:43
shubham,1234,08:47:43
shubham,1234,08:47:43
shubham,1234,08:47:43
shubham,1234,08:47:43
shubham,1234,08:47:44
shubham,1234,08:47:44
shubham,1234,08:47:44
shubham,1234,08:47:44
shubham,1234,08:47:44
shubham,1234,08:47:44
shubham,1234,08:47:44
shubham,1234,08:47:44
shubham,1234,08:47:44
shubham,1234,08:47:45
shubham,1234,08:47:45
shubham,1234,08:47:45
shubham,1234,08:47:45
shubham,1234,08:47:45
shubham,1234,08:47:45
shubham,1234,08:47:45
shubham,1234,08:47:45
shubham,1234,08:47:45
shubham,1234,08:47:46
shubhamatkal3,123,08:47:46
shubhamatkal3,123,08:47:46
shubham,1234,08:47:46
shubham,1234,08:47:46
shubham,1234,08:47:46
shubham,1234,08:47:46
shubham,1234,08:47:46
shubham,1234,08:47:46
shubhamatkal3,123,08:47:47
shubham,1234,08:47:47
shubham,1234,08:47:47
shubham,1234,08:47:47
shubhamatkal3,123,08:47:47
shubhamatkal3,123,08:47:47
shubhamatkal3,123,08:47:47
shubhamatkal3,123,08:47:47
shubhamatkal3,123,08:47:47
shubhamatkal3,123,08:47:47
shubhamatkal3,123,08:47:48
shubhamatkal3,123,08:47:48
shubhamatkal3,123,08:47:48
shubham,1234,08:47:48
shubham,1234,08:47:48
shubham,1234,08:47:48
shubhamatkal3,123,08:47:48
shubham,1234,08:47:48
shubhamatkal3,123,08:47:48
shubhamatkal3,123,08:47:49
shubham,1234,08:47:49
shubhamatkal3,123,08:47:49
shubhamatkal3,123,08:47:49
shubham,1234,08:47:49
shubham,1234,08:47:49
shubhamatkal3,123,08:47:49
shubham,1234,08:47:49
shubhamatkal3,123,08:47:49
shubhamatkal3,123,08:47:50
shubham,1234,08:47:50
shubham,1234,08:47:50
shubhamatkal3,123,08:47:50
shubhamatkal3,123,08:47:50
shubhamatkal3,123,08:47:50
shubham,1234,08:47:50
shubhamatkal3,123,08:47:50
shubhamatkal3,123,08:47:50
shubhamatkal3,123,08:47:51
shubhamatkal3,123,08:47:51
shubham,1234,08:47:51
shubhamatkal3,123,08:47:51
shubhamatkal3,123,08:47:51
shubhamatkal3,123,08:47:51
shubhamatkal3,123,08:47:51
shubhamatkal3,123,08:47:51
shubhamatkal3,123,08:47:51
shubham,1234,08:47:51
shubhamatkal3,123,08:47:52
shubhamatkal3,123,08:47:52
shubham,1234,08:47:52
shubham,1234,08:47:52
shubham,1234,08:47:52
shubham,1234,08:47:52
shubham,1234,08:47:52
shubham,1234,08:47:52
shubham,1234,08:47:52
shubham,1234,08:47:53
shubham,1234,08:47:53
shubham,1234,08:47:53
shubham,1234,08:47:53
shubham,1234,08:47:53
shubham,1234,08:47:53
shubham,1234,08:47:53
shubham,1234,08:47:53
shubham,1234,08:47:53
shubham,1234,08:47:54
shubham,1234,08:47:54
shubham,1234,08:47:54
shubham,1234,08:47:54
shubham,1234,08:47:54
shubham,1234,08:47:54
shubham,1234,08:47:54
shubham,1234,08:47:54
shubham,1234,08:47:54
shubham,1234,08:47:55
shubham,1234,08:47:55
shubham,1234,08:47:55
shubham,1234,08:47:55
shubham,1234,08:47:55
shubham,1234,08:47:55
shubham,1234,08:47:55
shubham,1234,08:47:55
shubham,1234,08:47:55
shubham,1234,08:47:55
shubham,1234,08:47:56
shubham,1234,08:47:56
shubham,1234,08:47:56
shubham,1234,08:47:56
shubham,1234,08:47:56
shubham,1234,08:47:56
shubham,1234,08:47:56
shubham,1234,08:47:56
shubham,1234,08:47:56
shubham,1234,08:47:57
shubham,1234,08:47:57
shubham,1234,08:47:57
shubham,1234,08:47:57
shubham,1234,08:47:57
shubham,1234,08:47:57
shubham,1234,08:47:57
shubham,1234,08:47:57
shubham,1234,08:47:58
shubham,1234,08:47:58
shubham,1234,08:47:58
shubham,1234,08:47:58
shubham,1234,08:47:58
shubham,1234,08:47:58
shubham,1234,08:47:58
shubham,1234,08:47:58
shubham,1234,08:47:58
shubham,1234,08:47:59
shubham,1234,08:47:59
shubham,1234,08:47:59
shubham,1234,08:47:59
shubham,1234,08:47:59
shubham,1234,08:47:59
shubham,1234,08:47:59
shubham,1234,08:47:59
shubham,1234,08:48:00
shubham,1234,08:48:00
shubham,1234,08:48:00
shubham,1234,08:48:00
shubham,1234,08:48:00
shubham,1234,08:48:00
shubham,1234,08:48:00
shubham,1234,08:48:00
shubham,1234,08:48:00
shubham,1234,08:48:01
shubham,1234,08:48:01
shubham,1234,08:48:01
shubham,1234,08:48:01
shubham,1234,08:48:01
shubham,1234,08:48:01
shubham,1234,08:48:01
shubham,1234,08:48:01
shubham,1234,08:48:01
shubham,1234,08:48:02
shubham,1234,08:48:02
shubham,333,08:53:01
shubham,333,08:53:01
shubham,333,08:53:01
shubham,333,08:53:01
shubham,333,08:53:01
shubham,1234,08:53:02
shubham,1234,08:53:02
shubham,1234,08:53:02
shubhamatkal3,123,08:53:02
shubham,1234,08:53:02
shubham,1234,08:53:02
shubham,1234,08:53:02
shubham,1234,08:53:02
shubham,1234,08:53:02
shubham,1234,08:53:02
shubham,1234,08:53:02
shubham,1234,08:53:02
shubhamatkal3,333,08:53:03
shubhamatkal3,333,08:53:03
shubham,1234,08:53:03
shubhamatkal3,333,08:53:03
shubham,1234,08:53:03
shubham,1234,08:53:03
shubham,1234,08:53:03
shubham,1234,08:53:03
shubhamatkal3,333,08:53:04
shubham,1234,08:53:04
shubham,1234,08:53:04
shubhamatkal3,123,08:53:04
shubhamatkal3,333,08:53:04
shubhamatkal3,333,08:53:04
shubhamatkal3,123,08:53:04
shubhamatkal3,123,08:53:04
shubhamatkal3,123,08:53:05
shubhamatkal3,123,08:53:05
shubham,1234,08:53:05
shubhamatkal3,123,08:53:05
shubhamatkal,333,08:53:05
shubhamatkal3,123,08:53:05
shubham,1234,08:53:05
shubham,1234,08:53:06
shubham,1234,08:53:06
shubham,1234,08:53:06
shubham,1234,08:53:06
shubham,1234,08:53:06
shubham,1234,08:53:07
shubham,1234,08:53:07
shubham,1234,08:53:07
shubham,1234,08:53:07
shubham,1234,08:53:07
shubham,1234,08:53:07
shubhamatkal3,333,08:53:07
shubhamatkal3,333,08:53:07
shubham,1234,08:53:08
shubhamatkal3,333,08:53:08
shubhamatkal3,333,08:53:08
shubhamatkal3,333,08:53:08
shubhamatkal3,333,08:53:08
shubhamatkal3,333,08:53:08
shubhamatkal3,123,08:53:08
shubhamatkal3,123,08:53:08
shubhamatkal3,123,08:53:09
shubham,1234,08:53:09
shubham,1234,08:53:09
shubhamatkal3,333,08:53:09
shubhamatkal3,333,08:53:09
shubhamatkal3,333,08:53:09
shubhamatkal3,333,08:53:09
shubham,1234,08:53:10
shubham,1234,08:53:10
shubham,1234,08:53:10
shubhamatkal3,333,08:53:10
shubham,1234,08:53:10
shubhamatkal3,333,08:53:10
shubham,1234,08:53:10
shubhamatkal3,333,08:53:10
shubhamatkal3,333,08:53:11
shubhamatkal3,333,08:53:11
shubhamatkal3,333,08:53:11
shubhamatkal3,333,08:53:11
shubham,1234,08:53:11
shubhamatkal3,333,08:53:11
shubhamatkal3,333,08:53:11
shubham,1234,08:53:11
shubham,1234,08:53:11
shubham,1234,08:53:12
shubhamatkal3,333,08:53:12
shubham,1234,08:53:12
shubhamatkal3,333,08:53:12
shubhamatkal3,333,08:53:12
shubhamatkal3,333,08:53:12
shubhamatkal3,333,08:53:12
shubham,1234,08:53:12
shubham,1234,08:53:13
shubham,1234,08:53:13
shubham,1234,08:53:13
shubhamatkal3,333,08:53:13
shubhamatkal3,333,08:53:13
shubhamatkal3,333,08:53:13
shubham,1234,08:53:13
shubham,1234,08:53:13
shubham,1234,08:53:13
shubham,1234,08:53:14
shubhamatkal3,333,08:53:14
shubhamatkal3,333,08:53:14
shubhamatkal3,333,08:53:14
shubhamatkal3,333,08:53:14
shubhamatkal3,333,08:53:14
shubhamatkal3,333,08:53:14
shubham,1234,08:53:15
shubham,1234,08:53:15
shubhamatkal3,333,08:53:15
shubham,1234,08:53:15
shubham,1234,08:53:15
shubhamatkal3,333,08:53:15
shubhamatkal3,333,08:53:15
shubham,1234,08:53:15
shubhamatkal3,333,08:53:16
shubhamatkal3,333,08:53:16
shubham,1234,08:53:16
shubhamatkal3,333,08:53:16
shubhamatkal3,333,08:53:16
shubham,1234,08:53:16
shubhamatkal3,333,08:53:16
shubham,1234,08:53:16
shubham,1234,08:53:17
shubhamatkal3,333,08:53:17
shubhamatkal3,333,08:53:17
shubhamatkal3,333,08:53:17
shubhamatkal3,333,08:53:17
shubham,1234,08:53:17
shubhamatkal3,333,08:53:17
shubhamatkal3,333,08:53:18
shubhamatkal3,333,08:53:18
shubhamatkal3,333,08:53:18